748334,
748292,
748247,
748206,
747975,
747871,
747839,
747831,
747783,
747729,
747693,
747657,
747592,
747586,
747541,
747499,
747432,
747048,
743792,
746108,
747005,
742688,
747020,
745708,
746532,
746932,
742653,
742825,
745413,
746786,
742858,
742585,
746096,
745614,
746505,
745535,
743640,
745610,
742545,
742174,
746229,
746668,
742175,
742259,
742137,
743429,
742399,
745822,
745783,
745780,
745781,
746019,
746388,
746237,
746151,
746539,
746100,
742168,
741602,
743978,
743430,
742654,
742537,
742470,
742655,
746462,
742536,
743107,
745412,
742425,
743023,
742637,
743680,
746452,
746377,
743994,
746294,
747035,
747022,
742342,
742240,
742903,
746346,
747000,
743545,
743305,
742440,
742226,
742321,
742694,
743550,
743424,
742829,
743392,
743540,
743756,
746946,
746936,
746924,
746861,
742436,
746848,
746840,
746810,
746809,
746783,
746779,
746733,
746730,
746716,
746714,
746572,
746557,
746467,
746465,
746463,
746460,
746443,
746433,
746399,
746383,
746353,
746338,
746320,
746279,
746263,
746231,
746230,
746219,
746190,
746153,
744810,
744782,
743552,
744761,
744868,
742869,
744806,
743668,
744773,
743871,
744100,
744765,
744413,
742439,
743370,
743527,
744794,
743973,
742443,
742927,
744258,
744797,
744804,
743790,
744830,
743848,
743584,
743394,
743681,
742922,
742485,
744842,
744802,
744801,
744070,
742882,
742573,
744102,
742950,
743891,
743438,
743427,
742422,
743647,
743860,
743372,
744003,
743599,
744031,
743897,
743733,
743377,
744019,
742339,
743638,
743976,
743917,
743941,
744076,
742696,
742602,
743981,
743644,
744015,
744023,
743878,
742486,
742423,
741655,
732945,
743579,
742897,
741346,
742667,
743959,
743420,
743936,
742864,
743943,
743967,
743918,
742921,
743988,
739927,
743720,
743743,
719331,
743529,
719607,
743971,
743855,
743587,
743390,
743701,
743883,
743955,
743957,
743815,
743718,
742782,
742658,
743670,
743732,
743551,
742620,
743575,
743334,
743588,
743829,
743818,
742826,
743056,
743069,
743678,
743516,
742261,
743693,
742619,
743620,
743618,
743525,
743486,
743820,
743568,
743460,
743408,
743851,
743590,
743749,
743654,
742522,
743468,
734088,
743479,
743351,
743666,
742984,
743700,
741177,
742483,
743379,
743019,
742362,
740002,
742947,
740299,
742382,
742164,
742262,
742885,
742682,
742675,
742237,
742328,
740132,
743292,
738656,
742299,
740229,
739939,
739464,
742954,
742929,
741855,
742924,
742457,
742406,
741354,
742610,
742557,
742671,
742377,
742263,
742510,
742581,
741661,
741210,
742519,
738865,
741636,
741983,
739001,
741375,
739382,
740021,
741128,
740361,
740121,
739557,
739244,
739429,
737541,
